Workbook

Sheet Class Record
A1: BASIC 7 SCIENCE • TERM 1 • CLASS ASSESSMENT RECORD
A2: Type into the cream columns only. Blue columns calculate themselves. Maxima are in row 4. Weighting and grade boundaries are on the Settings sheet.
A3: # | B3: Learner name | C3: UT1 | D3: UT2 | E3: UT3 | F3: UT4 | G3: R1 | H3: R3 | I3: R4 | J3: R6 | K3: R7 | L3: Exam | M3: Classwork 50% | N3: Exam 50% | O3: Term % | P3: Grade | Q3: Comment
B4: MAX → | C4: 20 | D4: 20 | E4: 30 | F4: 20 | G4: 10 | H4: 20 | I4: 10 | J4: 20 | K4: 20 | L4: 100
A5: 1 | M5: =IF(COUNT(C5:L5)=0,"",(C5+D5+E5+F5+G5+H5+I5+J5+K5)/170*100) | N5: =IF(COUNT(L5)=0,"",L5/100*100) | O5: =IF(OR(COUNT(C5:L5)=0,L5=""),"",M5*Settings!$B$3/100+N5*Settings!$B$4/100) | P5: =IF(O5="","",IFERROR(VLOOKUP(O5,Settings!$A$8:$B$12,2,TRUE),"")) | Q5: =IF(O5="","",IF(O5<Settings!$B$5,"Needs support — see Indicator Analysis",""))
A6: 2 | M6: =IF(COUNT(C6:L6)=0,"",(C6+D6+E6+F6+G6+H6+I6+J6+K6)/170*100) | N6: =IF(COUNT(L6)=0,"",L6/100*100) | O6: =IF(OR(COUNT(C6:L6)=0,L6=""),"",M6*Settings!$B$3/100+N6*Settings!$B$4/100) | P6: =IF(O6="","",IFERROR(VLOOKUP(O6,Settings!$A$8:$B$12,2,TRUE),"")) | Q6: =IF(O6="","",IF(O6<Settings!$B$5,"Needs support — see Indicator Analysis",""))
A7: 3 | M7: =IF(COUNT(C7:L7)=0,"",(C7+D7+E7+F7+G7+H7+I7+J7+K7)/170*100) | N7: =IF(COUNT(L7)=0,"",L7/100*100) | O7: =IF(OR(COUNT(C7:L7)=0,L7=""),"",M7*Settings!$B$3/100+N7*Settings!$B$4/100) | P7: =IF(O7="","",IFERROR(VLOOKUP(O7,Settings!$A$8:$B$12,2,TRUE),"")) | Q7: =IF(O7="","",IF(O7<Settings!$B$5,"Needs support — see Indicator Analysis",""))
A8: 4 | M8: =IF(COUNT(C8:L8)=0,"",(C8+D8+E8+F8+G8+H8+I8+J8+K8)/170*100) | N8: =IF(COUNT(L8)=0,"",L8/100*100) | O8: =IF(OR(COUNT(C8:L8)=0,L8=""),"",M8*Settings!$B$3/100+N8*Settings!$B$4/100) | P8: =IF(O8="","",IFERROR(VLOOKUP(O8,Settings!$A$8:$B$12,2,TRUE),"")) | Q8: =IF(O8="","",IF(O8<Settings!$B$5,"Needs support — see Indicator Analysis",""))
A9: 5 | M9: =IF(COUNT(C9:L9)=0,"",(C9+D9+E9+F9+G9+H9+I9+J9+K9)/170*100) | N9: =IF(COUNT(L9)=0,"",L9/100*100) | O9: =IF(OR(COUNT(C9:L9)=0,L9=""),"",M9*Settings!$B$3/100+N9*Settings!$B$4/100) | P9: =IF(O9="","",IFERROR(VLOOKUP(O9,Settings!$A$8:$B$12,2,TRUE),"")) | Q9: =IF(O9="","",IF(O9<Settings!$B$5,"Needs support — see Indicator Analysis",""))
A10: 6 | M10: =IF(COUNT(C10:L10)=0,"",(C10+D10+E10+F10+G10+H10+I10+J10+K10)/170*100) | N10: =IF(COUNT(L10)=0,"",L10/100*100) | O10: =IF(OR(COUNT(C10:L10)=0,L10=""),"",M10*Settings!$B$3/100+N10*Settings!$B$4/100) | P10: =IF(O10="","",IFERROR(VLOOKUP(O10,Settings!$A$8:$B$12,2,TRUE),"")) | Q10: =IF(O10="","",IF(O10<Settings!$B$5,"Needs support — see Indicator Analysis",""))
A11: 7 | M11: =IF(COUNT(C11:L11)=0,"",(C11+D11+E11+F11+G11+H11+I11+J11+K11)/170*100) | N11: =IF(COUNT(L11)=0,"",L11/100*100) | O11: =IF(OR(COUNT(C11:L11)=0,L11=""),"",M11*Settings!$B$3/100+N11*Settings!$B$4/100) | P11: =IF(O11="","",IFERROR(VLOOKUP(O11,Settings!$A$8:$B$12,2,TRUE),"")) | Q11: =IF(O11="","",IF(O11<Settings!$B$5,"Needs support — see Indicator Analysis",""))
A12: 8 | M12: =IF(COUNT(C12:L12)=0,"",(C12+D12+E12+F12+G12+H12+I12+J12+K12)/170*100) | N12: =IF(COUNT(L12)=0,"",L12/100*100) | O12: =IF(OR(COUNT(C12:L12)=0,L12=""),"",M12*Settings!$B$3/100+N12*Settings!$B$4/100) | P12: =IF(O12="","",IFERROR(VLOOKUP(O12,Settings!$A$8:$B$12,2,TRUE),"")) | Q12: =IF(O12="","",IF(O12<Settings!$B$5,"Needs support — see Indicator Analysis",""))
A13: 9 | M13: =IF(COUNT(C13:L13)=0,"",(C13+D13+E13+F13+G13+H13+I13+J13+K13)/170*100) | N13: =IF(COUNT(L13)=0,"",L13/100*100) | O13: =IF(OR(COUNT(C13:L13)=0,L13=""),"",M13*Settings!$B$3/100+N13*Settings!$B$4/100) | P13: =IF(O13="","",IFERROR(VLOOKUP(O13,Settings!$A$8:$B$12,2,TRUE),"")) | Q13: =IF(O13="","",IF(O13<Settings!$B$5,"Needs support — see Indicator Analysis",""))
A14: 10 | M14: =IF(COUNT(C14:L14)=0,"",(C14+D14+E14+F14+G14+H14+I14+J14+K14)/170*100) | N14: =IF(COUNT(L14)=0,"",L14/100*100) | O14: =IF(OR(COUNT(C14:L14)=0,L14=""),"",M14*Settings!$B$3/100+N14*Settings!$B$4/100) | P14: =IF(O14="","",IFERROR(VLOOKUP(O14,Settings!$A$8:$B$12,2,TRUE),"")) | Q14: =IF(O14="","",IF(O14<Settings!$B$5,"Needs support — see Indicator Analysis",""))
A15: 11 | M15: =IF(COUNT(C15:L15)=0,"",(C15+D15+E15+F15+G15+H15+I15+J15+K15)/170*100) | N15: =IF(COUNT(L15)=0,"",L15/100*100) | O15: =IF(OR(COUNT(C15:L15)=0,L15=""),"",M15*Settings!$B$3/100+N15*Settings!$B$4/100) | P15: =IF(O15="","",IFERROR(VLOOKUP(O15,Settings!$A$8:$B$12,2,TRUE),"")) | Q15: =IF(O15="","",IF(O15<Settings!$B$5,"Needs support — see Indicator Analysis",""))
A16: 12 | M16: =IF(COUNT(C16:L16)=0,"",(C16+D16+E16+F16+G16+H16+I16+J16+K16)/170*100) | N16: =IF(COUNT(L16)=0,"",L16/100*100) | O16: =IF(OR(COUNT(C16:L16)=0,L16=""),"",M16*Settings!$B$3/100+N16*Settings!$B$4/100) | P16: =IF(O16="","",IFERROR(VLOOKUP(O16,Settings!$A$8:$B$12,2,TRUE),"")) | Q16: =IF(O16="","",IF(O16<Settings!$B$5,"Needs support — see Indicator Analysis",""))
... A49: 45 | M49: =IF(COUNT(C49:L49)=0,"",(C49+D49+E49+F49+G49+H49+I49+J49+K49)/170*100) | N49: =IF(COUNT(L49)=0,"",L49/100*100) | O49: =IF(OR(COUNT(C49:L49)=0,L49=""),"",M49*Settings!$B$3/100+N49*Settings!$B$4/100) | P49: =IF(O49="","",IFERROR(VLOOKUP(O49,Settings!$A$8:$B$12,2,TRUE),"")) | Q49: =IF(O49="","",IF(O49<Settings!$B$5,"Needs support — see Indicator Analysis",""))
A51: CLASS SUMMARY
A52: Learners entered | C52: =COUNT(O5:O49)
A53: Class average % | C53: =IFERROR(AVERAGE(O5:O49),"")
A54: Highest % | C54: =IFERROR(MAX(O5:O49),"")
A55: Lowest % | C55: =IFERROR(MIN(O5:O49),"")
A56: Learners at or above the pass mark | C56: =IFERROR(COUNTIF(O5:O49,">="&Settings!$B$5),"")
A57: Pass rate % | C57: =IFERROR(COUNTIF(O5:O49,">="&Settings!$B$5)/COUNT(O5:O49)*100,"")
A58: Learners below 40% (follow-up list) | C58: =IFERROR(COUNTIF(O5:O49,"<40"),"")
A60: Average per assessment | C60: =IFERROR(AVERAGE(C5:C49),"") | D60: =IFERROR(AVERAGE(D5:D49),"") | E60: =IFERROR(AVERAGE(E5:E49),"") | F60: =IFERROR(AVERAGE(F5:F49),"") | G60: =IFERROR(AVERAGE(G5:G49),"") | H60: =IFERROR(AVERAGE(H5:H49),"") | I60: =IFERROR(AVERAGE(I5:I49),"") | J60: =IFERROR(AVERAGE(J5:J49),"") | ... L60: =IFERROR(AVERAGE(L5:L49),"")
A61: Average as % of maximum | C61: =IFERROR(AVERAGE(C5:C49)/20*100,"") | D61: =IFERROR(AVERAGE(D5:D49)/20*100,"") | E61: =IFERROR(AVERAGE(E5:E49)/30*100,"") | F61: =IFERROR(AVERAGE(F5:F49)/20*100,"") | G61: =IFERROR(AVERAGE(G5:G49)/10*100,"") | H61: =IFERROR(AVERAGE(H5:H49)/20*100,"") | I61: =IFERROR(AVERAGE(I5:I49)/10*100,"") | J61: =IFERROR(AVERAGE(J5:J49)/20*100,"") | K61: =IFERROR(AVERAGE(K5:K49)/20*100,"") | L61: =IFERROR(AVERAGE(L5:L49)/100*100,"")

Sheet Indicator Analysis
A1: PER-INDICATOR ANALYSIS — which indicator is weakest?
A2: After marking a unit test, enter the class mean score for each indicator in the cream column (from the test's marking scheme). The sheet flags the weakest indicator automatically — that is the one to re-teach first next term.
A4: Indicator | B4: What learners should be able to do | C4: Assessed in | D4: Marks for this indicator | E4: Class mean score | F4: Class mean as % | G4: Action
A5: B7.1.1.1.1 | B5: Classify materials into liquids, solids and gases. | C5: UT1 | F5: =IF(OR(D5="",E5=""),"",E5/D5*100) | G5: =IF(F5="","",IF(F5<40,"RE-TEACH FIRST",IF(F5<55,"Reteach briefly","Secure")))
A6: B7.1.1.1.2 | B6: Discuss the importance of liquids in the life of humans. | C6: UT1 | F6: =IF(OR(D6="",E6=""),"",E6/D6*100) | G6: =IF(F6="","",IF(F6<40,"RE-TEACH FIRST",IF(F6<55,"Reteach briefly","Secure")))
A7: B7.1.1.1.3 | B7: Discuss the importance of specific solids to life. | C7: UT1 | F7: =IF(OR(D7="",E7=""),"",E7/D7*100) | G7: =IF(F7="","",IF(F7<40,"RE-TEACH FIRST",IF(F7<55,"Reteach briefly","Secure")))
A8: B7.1.1.2.1 | B8: Orderly arrangement of metals, non-metals and noble gases. | C8: UT1 | F8: =IF(OR(D8="",E8=""),"",E8/D8*100) | G8: =IF(F8="","",IF(F8<40,"RE-TEACH FIRST",IF(F8<55,"Reteach briefly","Secure")))
A9: B7.1.2.1.1 | B9: Describe the structure and function of living cells of an animal. | C9: UT1 | F9: =IF(OR(D9="",E9=""),"",E9/D9*100) | G9: =IF(F9="","",IF(F9<40,"RE-TEACH FIRST",IF(F9<55,"Reteach briefly","Secure")))
A10: B7.1.2.1.2 | B10: State the functions of each organelle in a plant cell. | C10: UT1 | F10: =IF(OR(D10="",E10=""),"",E10/D10*100) | G10: =IF(F10="","",IF(F10<40,"RE-TEACH FIRST",IF(F10<55,"Reteach briefly","Secure")))
A11: B7.3.2.1.1 | B11: Identify the inner planets and describe their properties. | C11: UT2 | F11: =IF(OR(D11="",E11=""),"",E11/D11*100) | G11: =IF(F11="","",IF(F11<40,"RE-TEACH FIRST",IF(F11<55,"Reteach briefly","Secure")))
A12: B7.3.2.1.2 | B12: Properties and relative motions of Mercury and Venus. | C12: UT2 | F12: =IF(OR(D12="",E12=""),"",E12/D12*100) | G12: =IF(F12="","",IF(F12<40,"RE-TEACH FIRST",IF(F12<55,"Reteach briefly","Secure")))
A13: B7.2.1.1.1 | B13: Explain how the water cycle occurs. | C13: UT3 | F13: =IF(OR(D13="",E13=""),"",E13/D13*100) | G13: =IF(F13="","",IF(F13<40,"RE-TEACH FIRST",IF(F13<55,"Reteach briefly","Secure")))
A14: B7.2.1.1.2 | B14: Describe the importance of the water cycle in nature. | C14: UT3 | F14: =IF(OR(D14="",E14=""),"",E14/D14*100) | G14: =IF(F14="","",IF(F14<40,"RE-TEACH FIRST",IF(F14<55,"Reteach briefly","Secure")))
A15: B7.2.2.1.1 | B15: Describe the life cycle of the housefly. | C15: UT3 | F15: =IF(OR(D15="",E15=""),"",E15/D15*100) | G15: =IF(F15="","",IF(F15<40,"RE-TEACH FIRST",IF(F15<55,"Reteach briefly","Secure")))
A16: B7.2.2.1.2 | B16: Activities of the housefly as a menace, and how to reduce them. | C16: UT3 | F16: =IF(OR(D16="",E16=""),"",E16/D16*100) | G16: =IF(F16="","",IF(F16<40,"RE-TEACH FIRST",IF(F16<55,"Reteach briefly","Secure")))
... A21: B7.4.1.3.1 | B21: Demonstrate how light travels in a straight line. | C21: UT4 | F21: =IF(OR(D21="",E21=""),"",E21/D21*100) | G21: =IF(F21="","",IF(F21<40,"RE-TEACH FIRST",IF(F21<55,"Reteach briefly","Secure")))
A23: Weakest indicator (lowest class mean): | D23: =IFERROR(INDEX(A5:A21,MATCH(MIN(F5:F21),F5:F21,0)),"enter scores first")

Sheet Distribution
A1: GRADE DISTRIBUTION
A2: Counts update automatically from the Class Record sheet.
A4: Band | B4: Range | C4: Number of learners | D4: % of class
A5: Distinction | B5: 80 – 100 | C5: =COUNTIFS('Class Record'!$O$5:$O$49,">="&80,'Class Record'!$O$5:$O$49,"<="&100) | D5: =IFERROR(C5/SUM($C$5:$C$9)*100,"")
A6: Credit | B6: 65 – 79 | C6: =COUNTIFS('Class Record'!$O$5:$O$49,">="&65,'Class Record'!$O$5:$O$49,"<="&79.999) | D6: =IFERROR(C6/SUM($C$5:$C$9)*100,"")
A7: Pass | B7: 50 – 64 | C7: =COUNTIFS('Class Record'!$O$5:$O$49,">="&50,'Class Record'!$O$5:$O$49,"<="&64.999) | D7: =IFERROR(C7/SUM($C$5:$C$9)*100,"")
A8: Below pass | B8: 40 – 49 | C8: =COUNTIFS('Class Record'!$O$5:$O$49,">="&40,'Class Record'!$O$5:$O$49,"<="&49.999) | D8: =IFERROR(C8/SUM($C$5:$C$9)*100,"")
A9: Needs urgent support | B9: 0 – 39 | C9: =COUNTIFS('Class Record'!$O$5:$O$49,">="&0,'Class Record'!$O$5:$O$49,"<="&39.999) | D9: =IFERROR(C9/SUM($C$5:$C$9)*100,"")
A11: Chart — right-click the chart and choose Refresh if it does not update.

Sheet Settings
A1: SETTINGS — change these and every sheet updates
A3: Classwork weighting (%) | B3: 50 | C3: Unit tests, rubrics, worksheets and practical work.
A4: Examination weighting (%) | B4: 50 | C4: End-of-term examination.
A5: Pass mark (%) | B5: 50 | C5: Used for the pass-rate summary and the Comments column.
A7: Lower bound (%) | B7: Grade
A8: 0 | B8: Needs urgent support
A9: 40 | B9: Below pass
A10: 50 | B10: Pass
A11: 65 | B11: Credit
A12: 80 | B12: Distinction
A14: The grade lookup uses the table above, so you can change the boundaries to match your school. Keep the lower bounds in ascending order.
A16: Assessment maxima (do not change unless you re-scale a test)
A17: Code | B17: Max | C17: What it is
A18: UT1 | B18: 20 | C18: Unit Test 1 — Diversity of Matter
A19: UT2 | B19: 20 | C19: Unit Test 2 — Systems: The Solar System
A20: UT3 | B20: 30 | C20: Unit Test 3 — Cycles
A21: UT4 | B21: 20 | C21: Unit Test 4 — Forces and Energy
A22: R1 | B22: 10 | C22: Rubric — oral contribution, debate and group discussion
A23: R3 | B23: 20 | C23: Rubric — solar system model and oral explanation
A24: R4 | B24: 10 | C24: Rubric — group presentation or poster
A25: R6 | B25: 20 | C25: Rubric — housefly intervention and community poster
A26: R7 | B26: 20 | C26: Rubric — investigation report, school-garden trial
A27: Exam | B27: 100 | C27: End-of-term examination
