Workbook

Sheet Class Record
A1: BASIC 8 MATHEMATICS • TERM 1 • CLASS ASSESSMENT RECORD
A2: Type into the cream columns only. Blue columns calculate themselves. Maxima are in row 4. Weighting and grade boundaries are on the Settings sheet.
A3: # | B3: Learner name | C3: UT1 | D3: UT2 | E3: UT3 | F3: UT4 | G3: R1 | H3: R2 | I3: R3 | J3: Exam | K3: Classwork 50% | L3: Exam 50% | M3: Term % | N3: Grade | O3: Comment
B4: MAX → | C4: 20 | D4: 20 | E4: 30 | F4: 30 | G4: 10 | H4: 10 | I4: 20 | J4: 100
A5: 1 | K5: =IF(COUNT(C5:J5)=0,"",(C5+D5+E5+F5+G5+H5+I5)/140*100) | L5: =IF(COUNT(J5)=0,"",J5/100*100) | M5: =IF(OR(COUNT(C5:J5)=0,J5=""),"",K5*Settings!$B$3/100+L5*Settings!$B$4/100) | N5: =IF(M5="","",IFERROR(VLOOKUP(M5,Settings!$A$8:$B$12,2,TRUE),"")) | O5: =IF(M5="","",IF(M5<Settings!$B$5,"Needs support — see Indicator Analysis",""))
A6: 2 | K6: =IF(COUNT(C6:J6)=0,"",(C6+D6+E6+F6+G6+H6+I6)/140*100) | L6: =IF(COUNT(J6)=0,"",J6/100*100) | M6: =IF(OR(COUNT(C6:J6)=0,J6=""),"",K6*Settings!$B$3/100+L6*Settings!$B$4/100) | N6: =IF(M6="","",IFERROR(VLOOKUP(M6,Settings!$A$8:$B$12,2,TRUE),"")) | O6: =IF(M6="","",IF(M6<Settings!$B$5,"Needs support — see Indicator Analysis",""))
A7: 3 | K7: =IF(COUNT(C7:J7)=0,"",(C7+D7+E7+F7+G7+H7+I7)/140*100) | L7: =IF(COUNT(J7)=0,"",J7/100*100) | M7: =IF(OR(COUNT(C7:J7)=0,J7=""),"",K7*Settings!$B$3/100+L7*Settings!$B$4/100) | N7: =IF(M7="","",IFERROR(VLOOKUP(M7,Settings!$A$8:$B$12,2,TRUE),"")) | O7: =IF(M7="","",IF(M7<Settings!$B$5,"Needs support — see Indicator Analysis",""))
A8: 4 | K8: =IF(COUNT(C8:J8)=0,"",(C8+D8+E8+F8+G8+H8+I8)/140*100) | L8: =IF(COUNT(J8)=0,"",J8/100*100) | M8: =IF(OR(COUNT(C8:J8)=0,J8=""),"",K8*Settings!$B$3/100+L8*Settings!$B$4/100) | N8: =IF(M8="","",IFERROR(VLOOKUP(M8,Settings!$A$8:$B$12,2,TRUE),"")) | O8: =IF(M8="","",IF(M8<Settings!$B$5,"Needs support — see Indicator Analysis",""))
A9: 5 | K9: =IF(COUNT(C9:J9)=0,"",(C9+D9+E9+F9+G9+H9+I9)/140*100) | L9: =IF(COUNT(J9)=0,"",J9/100*100) | M9: =IF(OR(COUNT(C9:J9)=0,J9=""),"",K9*Settings!$B$3/100+L9*Settings!$B$4/100) | N9: =IF(M9="","",IFERROR(VLOOKUP(M9,Settings!$A$8:$B$12,2,TRUE),"")) | O9: =IF(M9="","",IF(M9<Settings!$B$5,"Needs support — see Indicator Analysis",""))
A10: 6 | K10: =IF(COUNT(C10:J10)=0,"",(C10+D10+E10+F10+G10+H10+I10)/140*100) | L10: =IF(COUNT(J10)=0,"",J10/100*100) | M10: =IF(OR(COUNT(C10:J10)=0,J10=""),"",K10*Settings!$B$3/100+L10*Settings!$B$4/100) | N10: =IF(M10="","",IFERROR(VLOOKUP(M10,Settings!$A$8:$B$12,2,TRUE),"")) | O10: =IF(M10="","",IF(M10<Settings!$B$5,"Needs support — see Indicator Analysis",""))
A11: 7 | K11: =IF(COUNT(C11:J11)=0,"",(C11+D11+E11+F11+G11+H11+I11)/140*100) | L11: =IF(COUNT(J11)=0,"",J11/100*100) | M11: =IF(OR(COUNT(C11:J11)=0,J11=""),"",K11*Settings!$B$3/100+L11*Settings!$B$4/100) | N11: =IF(M11="","",IFERROR(VLOOKUP(M11,Settings!$A$8:$B$12,2,TRUE),"")) | O11: =IF(M11="","",IF(M11<Settings!$B$5,"Needs support — see Indicator Analysis",""))
A12: 8 | K12: =IF(COUNT(C12:J12)=0,"",(C12+D12+E12+F12+G12+H12+I12)/140*100) | L12: =IF(COUNT(J12)=0,"",J12/100*100) | M12: =IF(OR(COUNT(C12:J12)=0,J12=""),"",K12*Settings!$B$3/100+L12*Settings!$B$4/100) | N12: =IF(M12="","",IFERROR(VLOOKUP(M12,Settings!$A$8:$B$12,2,TRUE),"")) | O12: =IF(M12="","",IF(M12<Settings!$B$5,"Needs support — see Indicator Analysis",""))
A13: 9 | K13: =IF(COUNT(C13:J13)=0,"",(C13+D13+E13+F13+G13+H13+I13)/140*100) | L13: =IF(COUNT(J13)=0,"",J13/100*100) | M13: =IF(OR(COUNT(C13:J13)=0,J13=""),"",K13*Settings!$B$3/100+L13*Settings!$B$4/100) | N13: =IF(M13="","",IFERROR(VLOOKUP(M13,Settings!$A$8:$B$12,2,TRUE),"")) | O13: =IF(M13="","",IF(M13<Settings!$B$5,"Needs support — see Indicator Analysis",""))
A14: 10 | K14: =IF(COUNT(C14:J14)=0,"",(C14+D14+E14+F14+G14+H14+I14)/140*100) | L14: =IF(COUNT(J14)=0,"",J14/100*100) | M14: =IF(OR(COUNT(C14:J14)=0,J14=""),"",K14*Settings!$B$3/100+L14*Settings!$B$4/100) | N14: =IF(M14="","",IFERROR(VLOOKUP(M14,Settings!$A$8:$B$12,2,TRUE),"")) | O14: =IF(M14="","",IF(M14<Settings!$B$5,"Needs support — see Indicator Analysis",""))
A15: 11 | K15: =IF(COUNT(C15:J15)=0,"",(C15+D15+E15+F15+G15+H15+I15)/140*100) | L15: =IF(COUNT(J15)=0,"",J15/100*100) | M15: =IF(OR(COUNT(C15:J15)=0,J15=""),"",K15*Settings!$B$3/100+L15*Settings!$B$4/100) | N15: =IF(M15="","",IFERROR(VLOOKUP(M15,Settings!$A$8:$B$12,2,TRUE),"")) | O15: =IF(M15="","",IF(M15<Settings!$B$5,"Needs support — see Indicator Analysis",""))
A16: 12 | K16: =IF(COUNT(C16:J16)=0,"",(C16+D16+E16+F16+G16+H16+I16)/140*100) | L16: =IF(COUNT(J16)=0,"",J16/100*100) | M16: =IF(OR(COUNT(C16:J16)=0,J16=""),"",K16*Settings!$B$3/100+L16*Settings!$B$4/100) | N16: =IF(M16="","",IFERROR(VLOOKUP(M16,Settings!$A$8:$B$12,2,TRUE),"")) | O16: =IF(M16="","",IF(M16<Settings!$B$5,"Needs support — see Indicator Analysis",""))
... A49: 45 | K49: =IF(COUNT(C49:J49)=0,"",(C49+D49+E49+F49+G49+H49+I49)/140*100) | L49: =IF(COUNT(J49)=0,"",J49/100*100) | M49: =IF(OR(COUNT(C49:J49)=0,J49=""),"",K49*Settings!$B$3/100+L49*Settings!$B$4/100) | N49: =IF(M49="","",IFERROR(VLOOKUP(M49,Settings!$A$8:$B$12,2,TRUE),"")) | O49: =IF(M49="","",IF(M49<Settings!$B$5,"Needs support — see Indicator Analysis",""))
A51: CLASS SUMMARY
A52: Learners entered | C52: =COUNT(M5:M49)
A53: Class average % | C53: =IFERROR(AVERAGE(M5:M49),"")
A54: Highest % | C54: =IFERROR(MAX(M5:M49),"")
A55: Lowest % | C55: =IFERROR(MIN(M5:M49),"")
A56: Learners at or above the pass mark | C56: =IFERROR(COUNTIF(M5:M49,">="&Settings!$B$5),"")
A57: Pass rate % | C57: =IFERROR(COUNTIF(M5:M49,">="&Settings!$B$5)/COUNT(M5:M49)*100,"")
A58: Learners below 40% (follow-up list) | C58: =IFERROR(COUNTIF(M5:M49,"<40"),"")
A60: Average per assessment | C60: =IFERROR(AVERAGE(C5:C49),"") | D60: =IFERROR(AVERAGE(D5:D49),"") | E60: =IFERROR(AVERAGE(E5:E49),"") | F60: =IFERROR(AVERAGE(F5:F49),"") | G60: =IFERROR(AVERAGE(G5:G49),"") | H60: =IFERROR(AVERAGE(H5:H49),"") | I60: =IFERROR(AVERAGE(I5:I49),"") | J60: =IFERROR(AVERAGE(J5:J49),"")
A61: Average as % of maximum | C61: =IFERROR(AVERAGE(C5:C49)/20*100,"") | D61: =IFERROR(AVERAGE(D5:D49)/20*100,"") | E61: =IFERROR(AVERAGE(E5:E49)/30*100,"") | F61: =IFERROR(AVERAGE(F5:F49)/30*100,"") | G61: =IFERROR(AVERAGE(G5:G49)/10*100,"") | H61: =IFERROR(AVERAGE(H5:H49)/10*100,"") | I61: =IFERROR(AVERAGE(I5:I49)/20*100,"") | J61: =IFERROR(AVERAGE(J5:J49)/100*100,"")

Sheet Indicator Analysis
A1: PER-INDICATOR ANALYSIS — which indicator is weakest?
A2: After marking a unit test, enter the class mean score for each indicator in the cream column (from the test's marking scheme). The sheet flags the weakest indicator automatically — that is the one to re-teach first next term.
A4: Indicator | B4: What learners should be able to do | C4: Assessed in | D4: Marks for this indicator | E4: Class mean score | F4: Class mean as % | G4: Action
A5: B8.1.1.1.1 | B5: Read and write in number quantities over 1,000,000,000. | C5: UT1 | F5: =IF(OR(D5="",E5=""),"",E5/D5*100) | G5: =IF(F5="","",IF(F5<40,"RE-TEACH FIRST",IF(F5<55,"Reteach briefly","Secure")))
A6: B8.1.1.1.2 | B6: Skip count forwards and backwards in 10,000s, 100,000s, 500,000s. | C6: UT1 | F6: =IF(OR(D6="",E6=""),"",E6/D6*100) | G6: =IF(F6="","",IF(F6<40,"RE-TEACH FIRST",IF(F6<55,"Reteach briefly","Secure")))
A7: B8.1.1.1.3 | B7: Compare and order whole numbers using >, < and =. | C7: UT1 | F7: =IF(OR(D7="",E7=""),"",E7/D7*100) | G7: =IF(F7="","",IF(F7<40,"RE-TEACH FIRST",IF(F7<55,"Reteach briefly","Secure")))
A8: B8.1.1.1.4 | B8: Express integers of any size in standard form. | C8: UT1 | F8: =IF(OR(D8="",E8=""),"",E8/D8*100) | G8: =IF(F8="","",IF(F8<40,"RE-TEACH FIRST",IF(F8<55,"Reteach briefly","Secure")))
A9: B8.1.1.1.5 | B9: Express integers to a given number of significant and decimal places. | C9: UT1 | F9: =IF(OR(D9="",E9=""),"",E9/D9*100) | G9: =IF(F9="","",IF(F9<40,"RE-TEACH FIRST",IF(F9<55,"Reteach briefly","Secure")))
A10: B8.1.1.1.6 | B10: Create and solve word or real-life problems on place values. | C10: UT1 | F10: =IF(OR(D10="",E10=""),"",E10/D10*100) | G10: =IF(F10="","",IF(F10<40,"RE-TEACH FIRST",IF(F10<55,"Reteach briefly","Secure")))
A11: B8.1.1.2.1 | B11: Identify perfect squares and determine their square roots using sets of factors. | C11: UT2 | F11: =IF(OR(D11="",E11=""),"",E11/D11*100) | G11: =IF(F11="","",IF(F11<40,"RE-TEACH FIRST",IF(F11<55,"Reteach briefly","Secure")))
A12: B8.1.1.2.2 | B12: Solve real-life problems involving union and intersection of sets. | C12: UT2 | F12: =IF(OR(D12="",E12=""),"",E12/D12*100) | G12: =IF(F12="","",IF(F12<40,"RE-TEACH FIRST",IF(F12<55,"Reteach briefly","Secure")))
A13: B8.1.2.1.1 | B13: Multiply and divide by powers of 10, including decimals and benchmark fractions. | C13: UT2 | F13: =IF(OR(D13="",E13=""),"",E13/D13*100) | G13: =IF(F13="","",IF(F13<40,"RE-TEACH FIRST",IF(F13<55,"Reteach briefly","Secure")))
A14: B8.1.2.1.2 | B14: Apply mental mathematics strategies and number properties to calculate. | C14: UT2 | F14: =IF(OR(D14="",E14=""),"",E14/D14*100) | G14: =IF(F14="","",IF(F14<40,"RE-TEACH FIRST",IF(F14<55,"Reteach briefly","Secure")))
A15: B8.1.2.1.3 | B15: Apply mental mathematics strategies to solve word problems. | C15: UT2 | F15: =IF(OR(D15="",E15=""),"",E15/D15*100) | G15: =IF(F15="","",IF(F15<40,"RE-TEACH FIRST",IF(F15<55,"Reteach briefly","Secure")))
A16: B8.1.2.2.1 | B16: Add and subtract more than four-digit numbers. | C16: UT2 | F16: =IF(OR(D16="",E16=""),"",E16/D16*100) | G16: =IF(F16="","",IF(F16<40,"RE-TEACH FIRST",IF(F16<55,"Reteach briefly","Secure")))
... A25: B8.2.1.1.3 | B25: Use graphs of linear relations to solve real-life problems. | C25: UT4 | F25: =IF(OR(D25="",E25=""),"",E25/D25*100) | G25: =IF(F25="","",IF(F25<40,"RE-TEACH FIRST",IF(F25<55,"Reteach briefly","Secure")))
A27: Weakest indicator (lowest class mean): | D27: =IFERROR(INDEX(A5:A25,MATCH(MIN(F5:F25),F5:F25,0)),"enter scores first")

Sheet Distribution
A1: GRADE DISTRIBUTION
A2: Counts update automatically from the Class Record sheet.
A4: Band | B4: Range | C4: Number of learners | D4: % of class
A5: Distinction | B5: 80 – 100 | C5: =COUNTIFS('Class Record'!$M$5:$M$49,">="&80,'Class Record'!$M$5:$M$49,"<="&100) | D5: =IFERROR(C5/SUM($C$5:$C$9)*100,"")
A6: Credit | B6: 65 – 79 | C6: =COUNTIFS('Class Record'!$M$5:$M$49,">="&65,'Class Record'!$M$5:$M$49,"<="&79.999) | D6: =IFERROR(C6/SUM($C$5:$C$9)*100,"")
A7: Pass | B7: 50 – 64 | C7: =COUNTIFS('Class Record'!$M$5:$M$49,">="&50,'Class Record'!$M$5:$M$49,"<="&64.999) | D7: =IFERROR(C7/SUM($C$5:$C$9)*100,"")
A8: Below pass | B8: 40 – 49 | C8: =COUNTIFS('Class Record'!$M$5:$M$49,">="&40,'Class Record'!$M$5:$M$49,"<="&49.999) | D8: =IFERROR(C8/SUM($C$5:$C$9)*100,"")
A9: Needs urgent support | B9: 0 – 39 | C9: =COUNTIFS('Class Record'!$M$5:$M$49,">="&0,'Class Record'!$M$5:$M$49,"<="&39.999) | D9: =IFERROR(C9/SUM($C$5:$C$9)*100,"")
A11: Chart — right-click the chart and choose Refresh if it does not update.

Sheet Settings
A1: SETTINGS — change these and every sheet updates
A3: Classwork weighting (%) | B3: 50 | C3: Unit tests, rubrics, practical work and investigations.
A4: Examination weighting (%) | B4: 50 | C4: End-of-term examination.
A5: Pass mark (%) | B5: 50 | C5: Used for the pass-rate summary and the Comments column.
A7: Lower bound (%) | B7: Grade
A8: 0 | B8: Needs urgent support
A9: 40 | B9: Below pass
A10: 50 | B10: Pass
A11: 65 | B11: Credit
A12: 80 | B12: Distinction
A14: The grade lookup uses the table above, so you can change the boundaries to match your school. Keep the lower bounds in ascending order.
A16: Assessment maxima (do not change unless you re-scale a test)
A17: Code | B17: Max | C17: What it is
A18: UT1 | B18: 20 | C18: Unit Test 1 — Place value, standard form and rounding
A19: UT2 | B19: 20 | C19: Unit Test 2 — Sets, mental strategies and the four operations
A20: UT3 | B20: 30 | C20: Unit Test 3 — Indices, powers and exponential equations
A21: UT4 | B21: 30 | C21: Unit Test 4 — Linear relations, gradient and real-life graphs
A22: R1 | B22: 10 | C22: Rubric — oral contribution and mathematical explanation
A23: R2 | B23: 10 | C23: Rubric — strategy wall display or problem bank
A24: R3 | B24: 20 | C24: Rubric — investigation report (growth model or linear graph project)
A25: Exam | B25: 100 | C25: End-of-term examination
